{
  "//Kharas": {
    "raw": {
      "internetBrowsingPct": 37.597670756706975,
      "smartphoneOwnershipPct": 37.87397130039514,
      "youthLiteracyPct": 97.24411437809437,
      "population2023": 109893,
      "youthSharePct": 55.2,
      "urbanPopulationPct": 62.52172567861465,
      "ruralPopulationPct": 37.47827432138535,
      "distanceFromWindhoekKm": 536.2977954858854
    },
    "components": {
      "connectivityGapIndex": 62.402329243293025,
      "skillsGapIndex": 2.755885621905634,
      "distanceIndex": 60.34084292171888,
      "servicePressureIndex": 22.218335843754108,
      "ruralShareIndex": 37.47827432138535
    },
    "score": 39
  },
  "Erongo": {
    "raw": {
      "internetBrowsingPct": 47.8353110065236,
      "smartphoneOwnershipPct": 46.810434118951136,
      "youthLiteracyPct": 96.58008607788773,
      "population2023": 240206,
      "youthSharePct": 55.0,
      "urbanPopulationPct": 90.01357168430431,
      "ruralPopulationPct": 9.98642831569569,
      "distanceFromWindhoekKm": 226.47840285563097
    },
    "components": {
      "connectivityGapIndex": 52.1646889934764,
      "skillsGapIndex": 3.419913922112272,
      "distanceIndex": 25.48192039367252,
      "servicePressureIndex": 48.5652187098796,
      "ruralShareIndex": 9.98642831569569
    },
    "score": 30
  },
  "Hardap": {
    "raw": {
      "internetBrowsingPct": 29.799736549623347,
      "smartphoneOwnershipPct": 29.376775202733295,
      "youthLiteracyPct": 94.29923191495575,
      "population2023": 106680,
      "youthSharePct": 54.3,
      "urbanPopulationPct": 74.25665541807274,
      "ruralPopulationPct": 25.74334458192726,
      "distanceFromWindhoekKm": 182.733285161036
    },
    "components": {
      "connectivityGapIndex": 70.20026345037665,
      "skillsGapIndex": 5.7007680850442455,
      "distanceIndex": 20.559995862899147,
      "servicePressureIndex": 21.568726559577843,
      "ruralShareIndex": 25.74334458192726
    },
    "score": 32
  },
  "Kavango East": {
    "raw": {
      "internetBrowsingPct": 19.374273765465276,
      "smartphoneOwnershipPct": 19.18846010125053,
      "youthLiteracyPct": 92.33380166094008,
      "population2023": 218421,
      "youthSharePct": 60.599999999999994,
      "urbanPopulationPct": 56.96292938865768,
      "ruralPopulationPct": 43.03707061134232,
      "distanceFromWindhoekKm": 605.9575503636011
    },
    "components": {
      "connectivityGapIndex": 80.62572623453472,
      "skillsGapIndex": 7.6661983390599175,
      "distanceIndex": 68.17851885927045,
      "servicePressureIndex": 44.16069388704118,
      "ruralShareIndex": 43.03707061134232
    },
    "score": 51
  },
  "Kavango West": {
    "raw": {
      "internetBrowsingPct": 10.07671611401978,
      "smartphoneOwnershipPct": 11.331079115764979,
      "youthLiteracyPct": 90.20178245576918,
      "population2023": 123266,
      "youthSharePct": 59.7,
      "urbanPopulationPct": 8.488147583275193,
      "ruralPopulationPct": 91.5118524167248,
      "distanceFromWindhoekKm": 537.9422332535934
    },
    "components": {
      "connectivityGapIndex": 89.92328388598023,
      "skillsGapIndex": 9.798217544230823,
      "distanceIndex": 60.52586467991184,
      "servicePressureIndex": 24.922109562175876,
      "ruralShareIndex": 91.5118524167248
    },
    "score": 54
