{
  "//Kharas": {
    "raw": {
      "internetBrowsingPct": 37.597670756706975,
      "smartphoneOwnershipPct": 37.87397130039514,
      "youthLiteracyPct": 97.24411437809437,
      "population2023": 109893,
      "youthSharePct": 55.2,
      "urbanPopulationPct": 62.52172567861465,
      "ruralPopulationPct": 37.47827432138535,
      "distanceFromWindhoekKm": 536.2977954858854
    },
    "components": {
      "connectivityGapIndex": 62.402329243293025,
      "skillsGapIndex": 2.755885621905634,
      "distanceIndex": 60.34084292171888,
      "servicePressureIndex": 22.218335843754108,
      "inclusionRiskIndex": 37.47827432138535
    },
    "score": 39
  },
  "Erongo": {
    "raw": {
      "internetBrowsingPct": 47.8353110065236,
      "smartphoneOwnershipPct": 46.810434118951136,
      "youthLiteracyPct": 96.58008607788773,
      "population2023": 240206,
      "youthSharePct": 55.0,
      "urbanPopulationPct": 90.01357168430431,
      "ruralPopulationPct": 9.98642831569569,
      "distanceFromWindhoekKm": 226.47840285563097
    },
    "components": {
      "connectivityGapIndex": 52.1646889934764,
      "skillsGapIndex": 3.419913922112272,
      "distanceIndex": 25.48192039367252,
      "servicePressureIndex": 48.5652187098796,
      "inclusionRiskIndex": 9.98642831569569
    },
    "score": 30
  },
  "Hardap": {
    "raw": {
      "internetBrowsingPct": 29.799736549623347,
      "smartphoneOwnershipPct": 29.376775202733295,
      "youthLiteracyPct": 94.29923191495575,
      "population2023": 106680,
      "youthSharePct": 54.3,
      "urbanPopulationPct": 74.25665541807274,
      "ruralPopulationPct": 25.74334458192726,
      "distanceFromWindhoekKm": 182.733285161036
    },
    "components": {
      "connectivityGapIndex": 70.20026345037665,
      "skillsGapIndex": 5.7007680850442455,
      "distanceIndex": 20.559995862899147,
      "servicePressureIndex": 21.568726559577843,
      "inclusionRiskIndex": 25.74334458192726
    },
    "score": 32
  },
  "Kavango East": {
    "raw": {
      "internetBrowsingPct": 19.374273765465276,
      "smartphoneOwnershipPct": 19.18846010125053,
      "youthLiteracyPct": 92.33380166094008,
      "population2023": 218421,
      "youthSharePct": 60.599999999999994,
      "urbanPopulationPct": 56.96292938865768,
      "ruralPopulationPct": 43.03707061134232,
      "distanceFromWindhoekKm": 605.9575503636011
    },
    "components": {
      "connectivityGapIndex": 80.62572623453472,
      "skillsGapIndex": 7.6661983390599175,
      "distanceIndex": 68.17851885927045,
      "servicePressureIndex": 44.16069388704118,
      "inclusionRiskIndex": 43.03707061134232
    },
    "score": 51
  },
  "Kavango West": {
    "raw": {
      "internetBrowsingPct": 10.07671611401978,
      "smartphoneOwnershipPct": 11.331079115764979,
      "youthLiteracyPct": 90.20178245576918,
      "population2023": 123266,
      "youthSharePct": 59.7,
      "urbanPopulationPct": 8.488147583275193,
      "ruralPopulationPct": 91.5118524167248,
      "distanceFromWindhoekKm": 537.9422332535934
    },
    "components": {
      "connectivityGapIndex": 89.92328388598023,
      "skillsGapIndex": 9.798217544230823,
      "distanceIndex": 60.52586467991184,
      "servicePressureIndex": 24.922109562175876,
      "inclusionRiskIndex": 91.5118524167248
    },
    "score": 54
  },
  "Khomas": {
    "raw": {
      "internetBrowsingPct": 52.305954628076066,
      "smartphoneOwnershipPct": 49.68715044742729,
      "youthLiteracyPct": 96.80216095940183,
      "population2023": 494605,
      "youthSharePct": 58.0,
      "urbanPopulationPct": 98.29783362481172,
      "ruralPopulationPct": 1.702166375188284,
      "distanceFromWindhoekKm": 24.710255748207377
    },
    "components": {
      "connectivityGapIndex": 47.694045371923934,
      "skillsGapIndex": 3.1978390405981685,
      "distanceIndex": 2.780242009585744,
      "servicePressureIndex": 100.0,
      "inclusionRiskIndex": 1.702166375188284
    },
    "score": 31
  },
  "Kunene": {
    "raw": {
      "internetBrowsingPct": 14.22327984518375,
      "smartphoneOwnershipPct": 16.130704913934387,
      "youthLiteracyPct": 69.28455587164012,
      "population2023": 120762,
      "youthSharePct": 57.2,
      "urbanPopulationPct": 33.68609330749739,
      "ruralPopulationPct": 66.31390669250261,
      "distanceFromWindhoekKm": 547.7815154075284
    },
    "components": {
      "connectivityGapIndex": 85.77672015481625,
      "skillsGapIndex": 30.715444128359877,
      "distanceIndex": 61.632918603889216,
      "servicePressureIndex": 24.415846989011435,
      "inclusionRiskIndex": 66.31390669250261
    },
    "score": 56
  },
  "Ohangwena": {
    "raw": {
      "internetBrowsingPct": 13.976172869936734,
      "smartphoneOwnershipPct": 15.182975926382383,
      "youthLiteracyPct": 90.71915790314688,
      "population2023": 337729,
      "youthSharePct": 59.0,
      "urbanPopulationPct": 14.588915965167338,
      "ruralPopulationPct": 85.41108403483267,
      "distanceFromWindhoekKm": 565.1342395253953
    },
    "components": {
      "connectivityGapIndex": 86.02382713006327,
      "skillsGapIndex": 9.280842096853121,
      "distanceIndex": 63.58533759399802,
      "servicePressureIndex": 68.28256891863204,
      "inclusionRiskIndex": 85.41108403483267
    },
    "score": 60
  },
  "Omaheke": {
    "raw": {
      "internetBrowsingPct": 20.05091539378182,
      "smartphoneOwnershipPct": 22.410356407756474,
      "youthLiteracyPct": 81.80183837388,
      "population2023": 102881,
      "youthSharePct": 55.400000000000006,
      "urbanPopulationPct": 43.76512669977936,
      "ruralPopulationPct": 56.23487330022064,
      "distanceFromWindhoekKm": 288.4330985867626
    },
    "components": {
      "connectivityGapIndex": 79.94908460621818,
      "skillsGapIndex": 18.198161626119997,
      "distanceIndex": 32.45267170915781,
      "servicePressureIndex": 20.80063889366262,
      "inclusionRiskIndex": 56.23487330022064
    },
    "score": 44
  },
  "Omusati": {
    "raw": {
      "internetBrowsingPct": 15.320373920048894,
      "smartphoneOwnershipPct": 17.410478650998694,
      "youthLiteracyPct": 89.83098898702431,
      "population2023": 316671,
      "youthSharePct": 56.5,
      "urbanPopulationPct": 11.11026901737134,
      "ruralPopulationPct": 88.88973098262866,
      "distanceFromWindhoekKm": 574.6206841144358
    },
    "components": {
      "connectivityGapIndex": 84.6796260799511,
      "skillsGapIndex": 10.169011012975687,
      "distanceIndex": 64.65269246222803,
      "servicePressureIndex": 64.0250300745039,
      "inclusionRiskIndex": 88.88973098262866
    },
    "score": 59
  },
  "Oshana": {
    "raw": {
      "internetBrowsingPct": 32.60665306316139,
      "smartphoneOwnershipPct": 32.43581834575049,
      "youthLiteracyPct": 94.7715742337224,
      "population2023": 230801,
      "youthSharePct": 57.6,
      "urbanPopulationPct": 53.204708818419334,
      "ruralPopulationPct": 46.795291181580666,
      "distanceFromWindhoekKm": 462.85336767821906
    },
    "components": {
      "connectivityGapIndex": 67.39334693683861,
      "skillsGapIndex": 5.228425766277596,
      "distanceIndex": 52.077339474342594,
      "servicePressureIndex": 46.66370133743088,
      "inclusionRiskIndex": 46.795291181580666
    },
    "score": 44
  },
  "Oshikoto": {
    "raw": {
      "internetBrowsingPct": 18.115817065599778,
      "smartphoneOwnershipPct": 20.18089949644754,
      "youthLiteracyPct": 89.56317613304684,
      "population2023": 257302,
      "youthSharePct": 56.7,
      "urbanPopulationPct": 18.367521433956984,
      "ruralPopulationPct": 81.63247856604302,
      "distanceFromWindhoekKm": 439.6922131351222
    },